{
    "info": {
        "_postman_id": "campus-connect-123",
        "name": "Campus Connect API",
        "description": "API Collection for Campus Connect Backend",
        "schema": "https://schema.getpostman.com/json/collection/v2.1.0/collection.json"
    },
    "item": [
        {
            "name": "Auth",
            "item": [
                {
                    "name": "Register Junior",
                    "request": {
                        "method": "POST",
                        "header": [
                            {
                                "key": "Content-Type",
                                "value": "application/json"
                            }
                        ],
                        "body": {
                            "mode": "raw",
                            "raw": "{\n    \"name\": \"John Junior\",\n    \"email\": \"junior@example.com\",\n    \"password\": \"password123\",\n    \"role\": \"junior\",\n    \"batch\": \"2026\",\n    \"department\": \"CSE\"\n}"
                        },
                        "url": {
                            "raw": "{{base_url}}/auth/register",
                            "host": [
                                "{{base_url}}"
                            ],
                            "path": [
                                "auth",
                                "register"
                            ]
                        }
                    }
                },
                {
                    "name": "Register Senior (Mentor)",
                    "request": {
                        "method": "POST",
                        "header": [
                            {
                                "key": "Content-Type",
                                "value": "application/json"
                            }
                        ],
                        "body": {
                            "mode": "raw",
                            "raw": "{\n    \"name\": \"Sarah Senior\",\n    \"email\": \"senior@example.com\",\n    \"password\": \"password123\",\n    \"role\": \"senior\",\n    \"skills\": [\"React\", \"Node.js\"],\n    \"bio\": \"Frontend Specialist\"\n}"
                        },
                        "url": {
                            "raw": "{{base_url}}/auth/register",
                            "host": [
                                "{{base_url}}"
                            ],
                            "path": [
                                "auth",
                                "register"
                            ]
                        }
                    }
                },
                {
                    "name": "Login",
                    "event": [
                        {
                            "listen": "test",
                            "script": {
                                "exec": [
                                    "var jsonData = pm.response.json();",
                                    "if (jsonData.token) {",
                                    "    pm.environment.set(\"token\", jsonData.token);",
                                    "    console.log(\"Token set to:\", jsonData.token);",
                                    "}"
                                ],
                                "type": "text/javascript"
                            }
                        }
                    ],
                    "request": {
                        "method": "POST",
                        "header": [
                            {
                                "key": "Content-Type",
                                "value": "application/json"
                            }
                        ],
                        "body": {
                            "mode": "raw",
                            "raw": "{\n    \"email\": \"junior@example.com\",\n    \"password\": \"password123\"\n}"
                        },
                        "url": {
                            "raw": "{{base_url}}/auth/login",
                            "host": [
                                "{{base_url}}"
                            ],
                            "path": [
                                "auth",
                                "login"
                            ]
                        }
                    }
                },
                {
                    "name": "Get Profile",
                    "request": {
                        "method": "GET",
                        "header": [
                            {
                                "key": "Authorization",
                                "value": "Bearer {{token}}"
                            }
                        ],
                        "url": {
                            "raw": "{{base_url}}/auth/profile",
                            "host": [
                                "{{base_url}}"
                            ],
                            "path": [
                                "auth",
                                "profile"
                            ]
                        }
                    }
                }
            ]
        },
        {
            "name": "Mentorship",
            "item": [
                {
                    "name": "Create Session (Senior Only)",
                    "request": {
                        "method": "POST",
                        "header": [
                            {
                                "key": "Authorization",
                                "value": "Bearer {{token}}"
                            },
                            {
                                "key": "Content-Type",
                                "value": "application/json"
                            }
                        ],
                        "body": {
                            "mode": "raw",
                            "raw": "{\n    \"title\": \"Intro to MERN Stack\",\n    \"description\": \"A beginner friendly session\",\n    \"date\": \"2025-05-20T10:00:00Z\",\n    \"duration\": 60,\n    \"link\": \"https://meet.google.com/abc-defg-hij\"\n}"
                        },
                        "url": {
                            "raw": "{{base_url}}/mentors/sessions",
                            "host": [
                                "{{base_url}}"
                            ],
                            "path": [
                                "mentors",
                                "sessions"
                            ]
                        }
                    }
                },
                {
                    "name": "Get Sessions",
                    "request": {
                        "method": "GET",
                        "header": [
                            {
                                "key": "Authorization",
                                "value": "Bearer {{token}}"
                            }
                        ],
                        "url": {
                            "raw": "{{base_url}}/mentors/sessions",
                            "host": [
                                "{{base_url}}"
                            ],
                            "path": [
                                "mentors",
                                "sessions"
                            ]
                        }
                    }
                },
                {
                    "name": "Join Session",
                    "request": {
                        "method": "POST",
                        "header": [
                            {
                                "key": "Authorization",
                                "value": "Bearer {{token}}"
                            }
                        ],
                        "url": {
                            "raw": "{{base_url}}/mentors/sessions/:sessionId/join",
                            "host": [
                                "{{base_url}}"
                            ],
                            "path": [
                                "mentors",
                                "sessions",
                                ":sessionId",
                                "join"
                            ],
                            "variable": [
                                {
                                    "key": "sessionId",
                                    "value": "REPLACE_WITH_SESSION_ID"
                                }
                            ]
                        }
                    }
                }
            ]
        },
        {
            "name": "Study Groups",
            "item": [
                {
                    "name": "Create Group",
                    "request": {
                        "method": "POST",
                        "header": [
                            {
                                "key": "Authorization",
                                "value": "Bearer {{token}}"
                            },
                            {
                                "key": "Content-Type",
                                "value": "application/json"
                            }
                        ],
                        "body": {
                            "mode": "raw",
                            "raw": "{\n    \"name\": \"Final Year Project\",\n    \"description\": \"Discussion for final year projects\",\n    \"subject\": \"Projects\"\n}"
                        },
                        "url": {
                            "raw": "{{base_url}}/groups",
                            "host": [
                                "{{base_url}}"
                            ],
                            "path": [
                                "groups"
                            ]
                        }
                    }
                },
                {
                    "name": "Get Groups",
                    "request": {
                        "method": "GET",
                        "header": [
                            {
                                "key": "Authorization",
                                "value": "Bearer {{token}}"
                            }
                        ],
                        "url": {
                            "raw": "{{base_url}}/groups",
                            "host": [
                                "{{base_url}}"
                            ],
                            "path": [
                                "groups"
                            ]
                        }
                    }
                },
                {
                    "name": "Join Group",
                    "request": {
                        "method": "POST",
                        "header": [
                            {
                                "key": "Authorization",
                                "value": "Bearer {{token}}"
                            }
                        ],
                        "url": {
                            "raw": "{{base_url}}/groups/:groupId/join",
                            "host": [
                                "{{base_url}}"
                            ],
                            "path": [
                                "groups",
                                ":groupId",
                                "join"
                            ],
                            "variable": [
                                {
                                    "key": "groupId",
                                    "value": "REPLACE_WITH_GROUP_ID"
                                }
                            ]
                        }
                    }
                }
            ]
        },
        {
            "name": "Q&A Forum",
            "item": [
                {
                    "name": "Create Post",
                    "request": {
                        "method": "POST",
                        "header": [
                            {
                                "key": "Authorization",
                                "value": "Bearer {{token}}"
                            },
                            {
                                "key": "Content-Type",
                                "value": "application/json"
                            }
                        ],
                        "body": {
                            "mode": "raw",
                            "raw": "{\n    \"title\": \"What is the best way to learn Prisma?\",\n    \"content\": \"I am new to ORMs.\",\n    \"tags\": [\"backend\", \"database\", \"prisma\"]\n}"
                        },
                        "url": {
                            "raw": "{{base_url}}/posts",
                            "host": [
                                "{{base_url}}"
                            ],
                            "path": [
                                "posts"
                            ]
                        }
                    }
                },
                {
                    "name": "Get Posts",
                    "request": {
                        "method": "GET",
                        "header": [
                            {
                                "key": "Authorization",
                                "value": "Bearer {{token}}"
                            }
                        ],
                        "url": {
                            "raw": "{{base_url}}/posts",
                            "host": [
                                "{{base_url}}"
                            ],
                            "path": [
                                "posts"
                            ]
                        }
                    }
                },
                {
                    "name": "Add Comment",
                    "request": {
                        "method": "POST",
                        "header": [
                            {
                                "key": "Authorization",
                                "value": "Bearer {{token}}"
                            },
                            {
                                "key": "Content-Type",
                                "value": "application/json"
                            }
                        ],
                        "body": {
                            "mode": "raw",
                            "raw": "{\n    \"content\": \"Check out the official docs, they are great!\"\n}"
                        },
                        "url": {
                            "raw": "{{base_url}}/posts/:postId/comments",
                            "host": [
                                "{{base_url}}"
                            ],
                            "path": [
                                "posts",
                                ":postId",
                                "comments"
                            ],
                            "variable": [
                                {
                                    "key": "postId",
                                    "value": "REPLACE_WITH_POST_ID"
                                }
                            ]
                        }
                    }
                }
            ]
        }
    ],
    "variable": [
        {
            "key": "base_url",
            "value": "http://localhost:5000/api",
            "type": "string"
        },
        {
            "key": "token",
            "value": "",
            "type": "string"
        }
    ]
}